{"loss": [0.6064647755452565], "accuracy": [85.46833333333333]}